<?xml version="1.0" encoding="UTF-8"?>
<extension type="library" version="2.5" method="upgrade">
    <name>F0F (NEW) DO NOT REMOVE</name>
	<libraryname>f0f</libraryname>
	<description>Framework-on-Framework (FOF) newer version - DO NOT REMOVE - The rapid component development framework for Joomla!. This package is the newer version of FOF, not the one shipped with Joomla! as the official Joomla! RAD Layer. The Joomla! RAD Layer has ceased development in March 2014. DO NOT UNINSTALL THIS PACKAGE, IT IS *** N O T *** A DUPLICATE OF THE 'FOF' PACKAGE. REMOVING EITHER FOF PACKAGE WILL BREAK YOUR SITE.</description>
	<creationDate>2015-01-06 16:06:22</creationDate>
	<author>Nicholas K. Dionysopoulos / Akeeba Ltd</author>
	<authorEmail>nicholas@akeebabackup.com</authorEmail>
	<authorUrl>https://www.akeebabackup.com</authorUrl>
	<copyright>(C)2011-2014 Nicholas K. Dionysopoulos</copyright>
	<license>GNU GPLv2 or later</license>
	<version>rev699A630-1420553182</version>
	<packager>Akeeba Ltd</packager>
	<packagerurl>https://www.AkeebaBackup.com/download.html</packagerurl>

    <languages folder="_lang">
        <language tag="en-GB">en-GB/en-GB.lib_f0f.ini</language>
    </languages>

    <files folder="fof">
		<folder>autoloader</folder>
		<folder>config</folder>
		<folder>controller</folder>
		<folder>database</folder>
		<folder>dispatcher</folder>
		<folder>download</folder>
		<folder>encrypt</folder>
		<folder>form</folder>
		<folder>hal</folder>
		<folder>inflector</folder>
		<folder>integration</folder>
		<folder>input</folder>
		<folder>layout</folder>
		<folder>less</folder>
		<folder>model</folder>
		<folder>platform</folder>
		<folder>query</folder>
		<folder>render</folder>
		<folder>string</folder>
		<folder>table</folder>
		<folder>template</folder>
		<folder>toolbar</folder>
		<folder>utils</folder>
		<folder>view</folder>

		<file>LICENSE.txt</file>
		<file>include.php</file>
		<file>version.txt</file>
	</files>
</extension>